Date1,Date2,Category,Name
"Oct 6, 2026, 2:12:55 PM","Oct 6, 2026, 2:12:55 PM",Movies,One Fine Day
"Oct 3, 2026, 1:56:41 PM","Oct 3, 2026, 1:56:41 PM",XXX,TeamSkeetXLaynaLandry 20 12 29 Layna Landry Best Cure For Boredom XXX 1080p MP4-WRB[rarbg]
"Sep 29, 2026, 11:32:41 PM","Sep 29, 2026, 11:32:41 PM",XXX,IPZZ-912-C
"Oct 8, 2026, 4:53:17 AM","Oct 8, 2026, 4:53:17 AM",,[UHA-WINGS][JoJo's Bizarre Adventure Steel Ball Run][02][1080p HEVC][CHS_JP&CHT_JP].mkv
"Oct 1, 2026, 5:26:37 AM","Oct 1, 2026, 8:08:47 AM",Movies,Jaadugar: A Witch in Mongolia
"Sep 30, 2026, 4:11:27 PM","Oct 1, 2026, 11:11:29 AM",Movies,Jaadugar: A Witch in Mongolia
"Sep 30, 2026, 3:54:27 PM","Oct 1, 2026, 10:55:40 AM",Movies,Jaadugar: A Witch in Mongolia
"Sep 30, 2026, 4:02:51 PM","Oct 1, 2026, 2:15:29 AM",Movies,Jaadugar: A Witch in Mongolia
"Sep 30, 2026, 4:06:31 PM","Oct 1, 2026, 2:07:00 AM",Movies,Jaadugar: A Witch in Mongolia
"Sep 30, 2026, 3:54:29 PM","Oct 1, 2026, 1:54:24 AM",Movies,Jaadugar: A Witch in Mongolia
"Sep 30, 2026, 3:46:32 PM","Oct 1, 2026, 1:46:30 AM",Movies,Shoujo Kageki Revue Starlight
"Sep 30, 2026, 3:18:24 AM","Sep 30, 2026, 7:18:12 PM",,[Pack] Lucie Wild
"Sep 30, 2026, 4:19:57 PM","Sep 30, 2026, 4:23:08 PM",Movies,Revue Starlight the Movie
"Sep 30, 2026, 3:45:28 PM","Sep 30, 2026, 3:45:28 PM",Movies,Jaadugar: A Witch in Mongolia
"Sep 30, 2026, 3:39:11 PM","Sep 30, 2026, 3:39:11 PM",Movies,Jaadugar: A Witch in Mongolia
"Sep 28, 2026, 12:47:22 AM","Sep 28, 2026, 5:00:27 AM",XXX,IPZ-201-U
"Sep 28, 2026, 1:44:13 AM","Sep 28, 2026, 3:32:13 AM",XXX,IPZZ-912-U
"Sep 28, 2026, 2:44:37 AM","Sep 28, 2026, 2:44:37 AM",,MIHD-010-UC
"Sep 28, 2026, 12:50:27 AM","Sep 28, 2026, 12:50:27 AM",XXX,SNOS-399
"Sep 28, 2026, 12:50:12 AM","Sep 28, 2026, 12:50:12 AM",XXX,IPZZ-923-U
"Oct 7, 2026, 11:52:22 AM","Oct 7, 2026, 11:52:22 AM",,[Nekomoe kissaten][20 Seiki Denki Mokuroku][11][1080p][JPSC].mp4
"Oct 6, 2026, 3:12:19 PM","Oct 7, 2026, 3:02:22 PM",,[Nekomoe kissaten][20 Seiki Denki Mokuroku][12][1080p][JPSC].mp4
"Oct 6, 2026, 1:38:18 PM","Oct 6, 2026, 1:38:18 PM",Movies,I Want to Love You Till Your Dying Day
"Oct 6, 2026, 7:26:11 AM","Oct 6, 2026, 7:26:11 AM",Music,Metallica - Kill 'em All [ 1st Press US Electra E1 60766]
"Sep 29, 2026, 2:27:57 PM","Sep 29, 2026, 2:27:57 PM",PC,Koikatsu Sunshine HF Patch v2.2
"Sep 29, 2026, 11:11:58 AM","Sep 29, 2026, 11:11:58 AM",XXX,TushyRaw 26 09 27 Rissa May Bubble Butt Cutie Anal Gapes XXX 480p MP4-P2P[XC]
"Oct 8, 2026, 2:03:29 PM","Oct 8, 2026, 2:03:29 PM",,DLRAW.AC_Kono_bokensha_jinruishi_saikyo vol 01-06.rar
"Oct 8, 2026, 9:18:30 AM","Oct 8, 2026, 9:18:30 AM",,[TV版&无修版] 学生会也有洞！ - EP01 [简／繁] (1080p H.264 AAC SRTx2)
"Oct 8, 2026, 9:08:20 AM","Oct 8, 2026, 9:08:20 AM",Movies,The Lighthouse
"Oct 8, 2026, 6:21:47 AM","Oct 8, 2026, 6:21:47 AM",Movies,Better Call Saul
"Oct 8, 2026, 5:32:16 AM","Oct 8, 2026, 5:32:16 AM",,[Feibanyama] FX Fighter Kurumi-chan S01E01 [CR WebRip AI2160p H265 Veryslow AAC Dual-Audio Multi-Subs].mkv
"Oct 7, 2026, 2:53:12 PM","Oct 8, 2026, 8:53:11 AM",,[UHA-WINGS][JoJo's Bizarre Adventure Steel Ball Run][02][1080p HEVC][CHS_JP&CHT_JP].mkv
"Oct 7, 2026, 3:41:52 PM","Oct 7, 2026, 3:41:52 PM",Movies,Better Call Saul
"Oct 6, 2026, 5:55:45 PM","Oct 7, 2026, 6:56:26 AM",PC,Rocky-10.2-x86_64-dvd1
"Oct 4, 2026, 10:35:56 AM","Oct 4, 2026, 12:54:24 PM",Movies,"Saijo no Osewa: Takane no Hana Darake na Meimonkou de, Gakuin-Ichi no Ojousama (Seikatsu Nouryoku Kaimu) o Kage Nagara o Sewa Suru Koto ni Narimashita"
"Oct 4, 2026, 10:53:51 AM","Oct 4, 2026, 12:53:34 PM",Movies,Hanaori-san Still Wants to Fight in the Next Life
"Oct 4, 2026, 10:40:33 AM","Oct 4, 2026, 12:40:16 PM",Movies,Daemons of the Shadow Realm
"Oct 4, 2026, 10:40:34 AM","Oct 4, 2026, 12:40:15 PM",Movies,BanG Dream! YumeMita
"Oct 4, 2026, 10:23:53 AM","Oct 4, 2026, 12:23:17 PM",Movies,BanG Dream! YumeMita
"Oct 2, 2026, 9:22:13 AM","Oct 2, 2026, 9:22:13 AM",Movies,Mushoku Tensei: Jobless Reincarnation
"Oct 1, 2026, 7:35:35 AM","Oct 1, 2026, 7:51:59 AM",Movies,JoJo's Bizarre Adventure
"Oct 1, 2026, 7:43:24 AM","Oct 1, 2026, 7:43:24 AM",Movies,JoJo's Bizarre Adventure
"Oct 7, 2026, 12:49:16 AM","Oct 8, 2026, 11:42:25 PM",PC,ubuntu-20.04.6-desktop-amd64.iso
"Oct 7, 2026, 11:40:15 AM","Oct 8, 2026, 1:46:15 PM",PC,ubuntu-18.04.6-desktop-amd64.iso
"Oct 7, 2026, 2:47:22 AM","Oct 8, 2026, 11:03:04 AM",PC,ubuntu-26.04-desktop-amd64.iso
"Oct 7, 2026, 12:49:52 AM","Oct 8, 2026, 10:07:11 AM",PC,ubuntu-24.04.3-desktop-amd64.iso
"Oct 7, 2026, 7:56:25 AM","Oct 7, 2026, 7:56:25 AM",,dhruvs17-airport-vidp-delhi-v1-2-4.rar
"Oct 3, 2026, 7:08:48 AM","Oct 5, 2026, 1:55:12 PM",Movies,Pee Mak Phrakanong
"Oct 3, 2026, 2:55:21 AM","Oct 3, 2026, 2:55:21 AM",,[ANi] FX 戰士久留美 - 01 [1080P][Baha][WEB-DL][AAC AVC][CHT].mp4
"Oct 1, 2026, 4:24:17 AM","Oct 1, 2026, 4:24:17 AM",,Long Gone Heroes (2024) [720p] [BluRay] [YTS.MX]
"Oct 1, 2026, 3:53:23 AM","Oct 1, 2026, 3:53:23 AM",Movies,Beast of War
"Sep 30, 2026, 1:47:03 PM","Sep 30, 2026, 1:47:03 PM",Movies,Heads of State
"Sep 30, 2026, 1:01:25 PM","Sep 30, 2026, 1:01:25 PM",PC,setup_bkpdfgl001_v615.7z
"Sep 30, 2026, 12:34:05 PM","Sep 30, 2026, 12:34:05 PM",,setup_wxktgl001_v1003.7z
"Sep 30, 2026, 5:01:01 AM","Sep 30, 2026, 5:01:01 AM",XXX,IPZZ-912-C
"Sep 29, 2026, 4:38:26 AM","Oct 1, 2026, 4:39:12 AM",Movies,Sinners
"Sep 29, 2026, 5:06:17 AM","Oct 1, 2026, 4:05:35 AM",Movies,The Amateur
"Sep 29, 2026, 4:20:36 AM","Sep 30, 2026, 1:20:28 PM",HD / 4K,Ex Machina
"Sep 29, 2026, 4:42:08 AM","Sep 29, 2026, 4:42:08 AM",Movies,Freaky Tales
"Oct 8, 2026, 8:42:26 AM","Oct 8, 2026, 10:42:18 AM",,种子市场-数据交换-2
"Oct 8, 2026, 10:36:59 AM","Oct 8, 2026, 10:36:59 AM",,种子市场-数据交换-1
"Oct 8, 2026, 9:16:52 AM","Oct 8, 2026, 10:27:35 AM",,种子市场-数据交换-6
"Oct 8, 2026, 9:16:52 AM","Oct 8, 2026, 10:17:28 AM",,种子市场-数据交换-3
"Oct 8, 2026, 9:11:06 AM","Oct 8, 2026, 10:11:02 AM",,种子市场-数据交换-9
"Oct 8, 2026, 8:56:39 AM","Oct 8, 2026, 9:56:33 AM",,种子市场-数据交换-7
"Oct 8, 2026, 9:42:55 AM","Oct 8, 2026, 9:42:55 AM",,种子市场-数据交换-0
"Oct 5, 2026, 6:56:18 AM","Oct 5, 2026, 4:45:12 PM",Movies,EPiC: Elvis Presley in Concert
"Oct 5, 2026, 2:43:13 AM","Oct 5, 2026, 4:43:15 PM",Movies,My Neighbor Totoro
"Oct 5, 2026, 2:30:28 AM","Oct 5, 2026, 4:30:12 PM",Movies,The Super Mario Galaxy Movie
"Oct 5, 2026, 2:14:24 AM","Oct 5, 2026, 4:19:17 PM",,br.2160p高码版.国粤双语.6v电影 地址发布页 www.6v123.net 收藏不迷路
"Oct 5, 2026, 3:03:12 AM","Oct 5, 2026, 3:28:48 PM",Movies,Gake no ue no Ponyo
"Oct 5, 2026, 4:40:07 AM","Oct 5, 2026, 3:13:14 PM",Movies,Wo bu shi yao shen
"Oct 5, 2026, 5:22:34 AM","Oct 5, 2026, 3:00:37 PM",Movies,Joker
"Oct 5, 2026, 2:49:55 AM","Oct 5, 2026, 12:55:48 PM",,Whisper of The Heart 4k
"Oct 5, 2026, 2:29:58 AM","Oct 5, 2026, 9:36:17 AM",Movies,The Grand Budapest Hotel
"Oct 5, 2026, 2:38:05 AM","Oct 5, 2026, 9:04:30 AM",Movies,Once a Thief
"Oct 5, 2026, 4:55:33 AM","Oct 5, 2026, 8:40:09 AM",Movies,Gone Girl
"Oct 5, 2026, 5:00:41 AM","Oct 5, 2026, 5:00:41 AM",XXX,H0930-gol183-FHD
"Sep 30, 2026, 2:05:41 PM","Sep 30, 2026, 2:50:34 PM",Movies,Avengers: Infinity War
"Sep 28, 2026, 7:51:26 AM","Sep 28, 2026, 7:51:26 AM",PC,Rocky-10.2-x86_64-dvd1
"Sep 27, 2026, 4:56:33 PM","Sep 28, 2026, 12:27:28 AM",Movies,The Truman Show
"Sep 27, 2026, 5:20:10 PM","Sep 27, 2026, 11:26:40 PM",Movies,Spider-Man: Into the Spider-Verse
"Sep 27, 2026, 6:14:11 PM","Sep 27, 2026, 9:11:58 PM",Movies,Manchester by the Sea
"Sep 27, 2026, 8:09:39 AM","Sep 27, 2026, 6:16:35 PM",Movies,Blade Runner 2049
"Sep 27, 2026, 12:14:54 PM","Sep 27, 2026, 12:14:54 PM",Movies,The Truman Show
"Oct 8, 2026, 9:27:41 AM","Oct 8, 2026, 9:27:41 AM",Movies,Pee Mak Phrakanong
"Oct 6, 2026, 10:49:39 PM","Oct 6, 2026, 10:50:12 PM",,AAP-2375【极品合集】兄弟们最爱的高潮痉挛合集来了，个个都是精彩的视频，不把大鸡巴撸出火星子都对不起这个视频，绝对的良心资源！
"Oct 6, 2026, 9:03:41 PM","Oct 6, 2026, 9:03:41 PM",Games,STALKER Clear Sky
"Oct 5, 2026, 8:54:20 AM","Oct 5, 2026, 12:54:30 PM",Movies,"Saijo no Osewa: Takane no Hana Darake na Meimonkou de, Gakuin-Ichi no Ojousama (Seikatsu Nouryoku Kaimu) o Kage Nagara o Sewa Suru Koto ni Narimashita"
"Oct 5, 2026, 8:54:14 AM","Oct 5, 2026, 12:54:22 PM",Movies,Hanaori-san Still Wants to Fight in the Next Life
"Oct 5, 2026, 9:40:26 AM","Oct 5, 2026, 12:40:37 PM",Movies,BanG Dream! YumeMita
"Oct 5, 2026, 9:40:44 AM","Oct 5, 2026, 12:40:29 PM",Movies,Daemons of the Shadow Realm
"Oct 5, 2026, 9:24:25 AM","Oct 5, 2026, 12:23:14 PM",Movies,BanG Dream! YumeMita
"Oct 5, 2026, 11:54:19 AM","Oct 5, 2026, 11:54:19 AM",Movies,Chainsmoker Cat
"Oct 5, 2026, 11:11:32 AM","Oct 5, 2026, 11:12:02 AM",Movies,Chainsmoker Cat
"Oct 1, 2026, 7:31:40 AM","Oct 1, 2026, 7:31:40 AM",XXX,SNOS-336
"Sep 30, 2026, 12:01:25 PM","Sep 30, 2026, 12:04:43 PM",PC,setup_bkpdfgl001_v615.7z
"Sep 29, 2026, 7:59:37 PM","Sep 30, 2026, 2:38:24 PM",PC,Adobe Photoshop 2025 26.11 Multi m0nkrus
"Sep 29, 2026, 4:34:47 AM","Sep 29, 2026, 1:03:09 PM",XXX,Gabby Stone - Alex Mack treats Gabby Stone like a whore.mp4
"Oct 1, 2026, 5:53:27 PM","Oct 8, 2026, 1:56:46 PM",PC,Rocky-10.2-x86_64-dvd1
"Sep 30, 2026, 1:35:35 AM","Sep 30, 2026, 1:49:06 AM",Movies,Truly Naked
"Sep 28, 2026, 3:42:56 PM","Sep 28, 2026, 3:42:56 PM",XXX,[Dezmall][4K]Aunt's Hospitality ~Aunt Cass~[H.254][吹雪汉化].mp4
"Sep 28, 2026, 3:06:25 PM","Sep 28, 2026, 3:06:25 PM",,[桜都字幕组][191206][ばにぃうぉ～か～]OVA屈辱 ＃2
"Sep 27, 2026, 11:50:48 AM","Oct 8, 2026, 3:56:15 PM",,琉璃神社壁纸包 2025年04月号.zip
"Sep 27, 2026, 2:29:20 AM","Sep 28, 2026, 1:47:16 PM",,[中文字幕][ピンクパイナップル]となりの家のアネットさん THE ANIMATION 第2巻 【琉璃神社 www.hacg.me】.mp4
"Sep 27, 2026, 12:15:20 AM","Sep 27, 2026, 6:46:30 PM",,1323934
"Sep 27, 2026, 12:32:22 AM","Sep 27, 2026, 6:24:09 PM",,TH3415--91TANHUA.COM--【AI高清2K修复】小七小天探花高颜值性感包臀裙眼镜御姐，穿上女仆装黑丝自摸特写口交猛操搞了两炮.mp4
"Sep 27, 2026, 6:04:25 PM","Sep 27, 2026, 6:04:25 PM",,[鹰][220729][GOLD BEAR]聖奴隷学園2 ～後編～ 剥奪された権力
"Sep 27, 2026, 5:32:43 PM","Sep 27, 2026, 5:32:43 PM",Movies,The Beginning
"Sep 27, 2026, 5:26:52 PM","Sep 27, 2026, 5:26:52 PM",,[荻原沙优][231027][ピンクパイナップル]魔女は結局その客と。。。THE ANIMATION 第2巻
"Sep 27, 2026, 2:12:33 PM","Sep 27, 2026, 2:12:33 PM",,[ANi] 花織即使是轉生也想打架 - 02 [1080P][Baha][WEB-DL][AAC AVC][CHT].mp4
"Sep 27, 2026, 1:50:25 PM","Sep 27, 2026, 1:50:25 PM",,[ANi] 花織即使是轉生也想打架 - 09 [1080P][Baha][WEB-DL][AAC AVC][CHT].mp4
"Sep 27, 2026, 12:16:13 AM","Sep 27, 2026, 5:12:14 AM",Movies,Mushoku Tensei: Jobless Reincarnation
"Sep 27, 2026, 12:59:23 AM","Sep 27, 2026, 4:45:26 AM",Movies,Mushoku Tensei: Jobless Reincarnation
"Sep 27, 2026, 2:54:26 AM","Sep 27, 2026, 3:54:42 AM",Movies,Mushoku Tensei: Jobless Reincarnation
"Sep 27, 2026, 2:38:12 AM","Sep 27, 2026, 2:38:12 AM",,琉璃神社壁纸包 2025年5月号 [www.hacg.me].zip
"Sep 27, 2026, 2:36:20 AM","Sep 27, 2026, 2:36:20 AM",,[画风即正义中午字幕][Survive ] 異端審問 絶望を封印せし処女、下劣貴族にハメられ堕つ The Motion Anime (琉璃神社 ★ www.hacg.me).mp4
"Sep 27, 2026, 2:06:45 AM","Sep 27, 2026, 2:06:45 AM",,[でらうえあ] となりのサキュバスちゃん︱鄰居家的傲嬌淫魔美眉 [中国翻訳] [無修正] [DL版].zip
"Sep 27, 2026, 1:57:00 AM","Sep 27, 2026, 1:57:00 AM",,雪屋温泉～子宝の湯～ 吹雪个人汉化版.7z
"Sep 27, 2026, 1:49:56 AM","Sep 27, 2026, 1:49:56 AM",,[桜都字幕组][ピンクパイナップル]Garden ～高嶺家の二輪花～ THE ANIMATION.chs
"Sep 27, 2026, 1:47:53 AM","Sep 27, 2026, 1:47:53 AM",,琉璃神社壁纸包 2026年01月号.zip
"Sep 27, 2026, 1:43:27 AM","Sep 27, 2026, 1:43:27 AM",,[愛上陸] 夢見ル乙女︱痴夢少女 [中国翻訳] [無修正].zip
"Sep 27, 2026, 1:31:41 AM","Sep 27, 2026, 1:31:41 AM",,[荻原沙优]OVAフラチ
"Sep 27, 2026, 1:29:55 AM","Sep 27, 2026, 1:29:55 AM",,[第一快枪个人汉化][RJ01119361][どろっぷす!] 纯洁公主的甜蜜早泄改善特训2 动画版 [CV：花月さや][琉璃神社 ★ www.hacg.me].mp4
"Sep 27, 2026, 1:22:16 AM","Sep 27, 2026, 1:22:16 AM",,[喵子汉化组] ねとりんぼ【後編】[アトリエこぶ]_FANZA.mp4
"Sep 27, 2026, 12:56:21 AM","Sep 27, 2026, 12:56:21 AM",,TH3394--91TANHUA.COM--【AI高清2K修复】小七小天探花再约性感骚气眼镜妹子啪啪，开档黑丝近距离拍摄抬腿侧入抱起来猛操.mp4
"Sep 27, 2026, 12:54:28 AM","Sep 27, 2026, 12:54:28 AM",,[夜桜字幕组][181128][アトリエこぶ]ねとりんぼ[前編][BIG5+GB]
"Sep 27, 2026, 12:49:12 AM","Sep 27, 2026, 12:49:12 AM",,2202
"Sep 27, 2026, 12:32:11 AM","Sep 27, 2026, 12:32:11 AM",,[KyokuSai][ショーテン]種付おじさんとNTR人妻セックス The Animation[1080P][WEBRip][x265_10bit].mkv
"Sep 27, 2026, 12:15:42 AM","Sep 27, 2026, 12:15:42 AM",,琉璃神社壁纸包 2025年3月号.zip
"Sep 27, 2026, 12:14:44 AM","Sep 27, 2026, 12:14:44 AM",,kks11.cc@SNOS-219J
"Oct 3, 2026, 3:50:53 PM","Oct 3, 2026, 3:50:53 PM",,A Daughters Plan To Kill (2019) [720p] [WEBRip] [YTS.MX]
"Sep 30, 2026, 2:01:28 PM","Sep 30, 2026, 2:01:28 PM",PC,setup_bkpdfgl001_v615.7z
"Sep 27, 2026, 7:09:23 AM","Sep 29, 2026, 2:08:54 PM",PC,archlinux-2026.04.01-x86_64.iso
"Sep 27, 2026, 9:02:06 AM","Sep 27, 2026, 9:02:06 AM",PC,archlinux-2026.09.01-x86_64.iso
